{"_id":1,"title":"香辣排骨干锅","classid":1.0,"isgood":1.0,"parts":[1,11,13,14,15,20,23],"pic":"/food/ggpg.jpg","price":"大158/中128/小98元","smalltext":"莲藕、土豆干香溢人，排骨脆香，红亮诱人。吃后还可加鲜汤同煮配菜，一锅两吃真是美哉！"}
{"_id":2,"parts":[2,11,12,13,14,15,16],"pic":"/food/ggtd.jpg","price":"大148/中118/小88元","smalltext":"肉香味美，色泽诱人，令人垂涎。主料：兔肉、笋子、藕、胡豆。辅料：姜、葱、蒜","title":"麻辣兔丁干锅","classid":1.0,"isgood":0.0}
{"_id":3,"smalltext":"以鸡肉为主要食材，整道菜香脆酸辣俱全，颜色五彩缤纷，能促进食欲，营养价值丰富。","title":"益气干锅鸡","classid":1.0,"isgood":0.0,"parts":[3,16,17,18,19,20,21],"pic":"/food/ggzj.jpg","price":"大138/中118/小98元"}
{"_id":4,"classid":1.0,"isgood":2.0,"parts":[7,13,14,15,16,17,18],"pic":"/food/ggyz.jpg","price":"大168/中148/小128元","smalltext":"鸭掌与很多做干锅的肉质不同，它的肉质很薄，干锅卤制更易入味。鸭脚、鸭翅、藕、土豆","title":"卤味鸭掌干锅"}
{"_id":5,"parts":[8,12,14,16,18,20,23],"pic":"/food/ggdx.jpg","price":"大158/中128/小98元","smalltext":"有虾,有土豆、莲藕,而且还可以搭配自己喜欢吃的菜,那味道实在是太好吃了。","title":"美味大虾干锅","classid":1.0,"isgood":2.0}
{"_id":6,"smalltext":"主要材料有螃蟹、莴笋、胡萝卜等，辅料有洋葱、红辣椒、大蒜、葱、姜、花椒、八角等，调料有牛肉豆豉酱、料酒、糖、生抽、盐、味精等。","title":"香辣干锅蟹","classid":1.0,"isgood":1.0,"parts":[9,12,13,14,15,16,17],"pic":"/food/ggx.jpg","price":"大168/中148/小128元"}
{"_id":7,"isgood":0.0,"parts":[3,19,20,21,22,23,24],"pic":"/food/tgzj.jpg","price":"大138/中118/小98元","smalltext":"烹饪方法简单，营养丰富，一般人群均可食用，老人、病人、体弱者更宜食用。","title":"营养仔鸡汤锅","classid":2.0}
{"_id":8,"parts":[6,20,21,22,23,24,25],"pic":"/food/tgdt.jpg","price":"大148/中118/小108元","smalltext":"行气止痛，化湿醒脾。脾调养药膳。适宜于食欲不振，胃及十二指肠溃疡等症。","title":"砂仁肚条汤锅","classid":2.0,"isgood":2.0}
{"_id":9,"price":"大138/中118/小98元","smalltext":"水晶排骨汤锅排骨营养丰富，味道鲜美。可根据自己的口味和需要配以不同的辅料，如：萝卜、白菜、冬瓜、椒盐等等。辅料不同，味道亦不同。","title":"水晶排骨汤锅","classid":2.0,"isgood":0.0,"parts":[1,13,15,17,19,21,23],"pic":"/food/tgpg.jpg"}
{"_id":10,"smalltext":"营养价值丰富，降糖降脂，美容养颜，增强抵抗力，做法多样，营养价值丰富,能缓解腰膝酸软。","title":"鲜美羊肉汤锅","classid":2.0,"isgood":2.0,"parts":[5,17,19,21,23,25,27],"pic":"/food/tgyr.jpg","price":"大148/中128/小108元"}
{"_id":11,"isgood":0.0,"parts":[4,15,16,18,20,22,24],"pic":"/food/tgth.jpg","price":"大138/中128/小118元","smalltext":"汤鲜味美，肉质香糯，泡菜味浓郁。主要材料猪蹄2只，泡萝卜、泡姜、泡青菜、大葱、盐、料酒、鲜汤、胡椒粉、味精、鸡精各适量。","title":"香糯蹄花汤花","classid":2.0}
{"_id":12,"title":"保健野生菌汤锅","classid":2.0,"isgood":1.0,"parts":[25,26,27,28,29,30,31,32],"pic":"/food/tgysj.jpg","price":"大168/中148/小128元","smalltext":"鹅蛋菌、珍珠菌、姬菇菌、松树菌、羊肚菌、竹荪、野生香菇、榛蘑等，红枣、枸杞、姜、葱少许。"}
