{"_id":1,"foodname":"鲜排骨","foodnum":"5/4/3","foodunit":"市斤"}
{"_id":2,"foodnum":"5/4/3","foodunit":"市斤","foodname":"兔肉"}
{"_id":3,"foodname":"仔鸡","foodnum":"5/4/3","foodunit":"市斤"}
{"_id":4,"foodname":"猪蹄","foodnum":"5/4/3","foodunit":"市斤"}
{"_id":5,"foodname":"羊肉","foodnum":"4/3/2","foodunit":"市斤"}
{"_id":6,"foodname":"肚条","foodnum":"4/3/2","foodunit":"市斤"}
{"_id":7,"foodname":"鸭掌","foodnum":"5/4/3","foodunit":"市斤"}
{"_id":8,"foodnum":"4/3/2","foodunit":"市斤","foodname":"大虾"}
{"_id":9,"foodname":"大闸蟹","foodnum":"4/3/2","foodunit":"市斤"}
{"_id":10,"foodname":"野生菌","foodnum":"4/3/2","foodunit":"市斤"}
{"_id":11,"foodname":"土豆","foodnum":"1","foodunit":"份"}
{"_id":12,"foodname":"黄瓜","foodnum":"1","foodunit":"份"}
{"_id":13,"foodname":"洋葱","foodnum":"1","foodunit":"份"}
{"_id":14,"foodunit":"份","foodname":"海带","foodnum":"1"}
{"_id":15,"foodname":"藕片","foodnum":"1","foodunit":"份"}
{"_id":16,"foodnum":"1","foodunit":"份","foodname":"蚕豆"}
{"_id":17,"foodname":"萝卜","foodnum":"1","foodunit":"份"}
{"_id":18,"foodname":"青菜","foodnum":"1","foodunit":"份"}
{"_id":19,"foodname":"山药","foodnum":"1","foodunit":"份"}
{"_id":20,"foodname":"木耳","foodnum":"1","foodunit":"份"}
{"_id":21,"foodname":"鲜笋","foodnum":"1","foodunit":"份"}
{"_id":22,"foodname":"白菜","foodnum":"1","foodunit":"份"}
{"_id":23,"foodname":"豆干","foodnum":"1","foodunit":"份"}
{"_id":24,"foodname":"芋头","foodnum":"1","foodunit":"份"}
{"_id":25,"foodname":"火腿肠","foodnum":"1","foodunit":"份"}
{"_id":26,"foodname":"鹅蛋菌","foodnum":"1","foodunit":"份"}
{"_id":27,"foodname":"珍珠菌","foodnum":"1","foodunit":"份"}
{"_id":28,"foodname":"姬菇菌","foodnum":"1","foodunit":"份"}
{"_id":29,"foodname":"松树菌","foodnum":"1","foodunit":"份"}
{"_id":30,"foodunit":"份","foodname":"羊肚菌","foodnum":"1"}
{"_id":31,"foodname":"竹荪","foodnum":"1","foodunit":"份"}
{"_id":32,"foodname":"香菇","foodnum":"1","foodunit":"份"}
