<?xml version="1.0" encoding="UTF-8"?>
<rss xmlns:itunes="http://www.itunes.com/dtds/podcast-1.0.dtd" xmlns:atom="http://www.w3.org/2005/Atom" version="2.0">
<channel>
  <title>Whatever.FM</title>
  <itunes:subtitle>lalalalala</itunes:subtitle>
  <link>https://github.com/Anyway-Design/test-fm</link>
  <atom:link href="https://raw.githubusercontent.com/Anyway-Design/test-fm/master/rss.xml" rel="self" type="application/rss+xml"/>
  <description>lalalalalalalalalsdfjdklsajfd</description>
  <language>zh-CN</language>
  <itunes:category text="Arts">
    <itunes:category text="Design"/>
    <itunes:category text="Visual Arts"/>
  </itunes:category>
  <itunes:category text="Technology">
    <itunes:category text="Tech News"/>
  </itunes:category>
  <itunes:image href="https://raw.githubusercontent.com/Anyway-Design/test-fm/master/assets/cover.png"/>
  <itunes:keywords>设计,UI,JJ Ying,Leon Gao,视觉,界面,anyway</itunes:keywords>
  <itunes:explicit>no</itunes:explicit>
  <itunes:author>JJ Ying &amp; Leon Gao</itunes:author>
  <itunes:owner>
    <itunes:name>JJ Ying &amp; Leon Gao</itunes:name>
    <itunes:email>hello@anyway.fm</itunes:email>
  </itunes:owner>
<item><title>#1: Whatever 了哈哈哈哈</title><description><![CDATA[测试一下简介]]></description><link>https://anyway.fm/acronym/#title</link><itunes:explicit>no</itunes:explicit><guid isPermaLink="true">https://anyway.fm/acronym/#title</guid><author>JJ Ying,Leon Gao</author><itunes:image href="https://raw.githubusercontent.com/Anyway-Design/test-fm/master/assets/cover.png"/><pubDate>Thu, 13 Sep 2018 07:10:00 +0800</pubDate><enclosure type="audio/mpeg" url="https://raw.githubusercontent.com/Anyway-Design/test-fm/master/audio/01.mp3"/><itunes:duration>2594</itunes:duration></item>
</channel>
</rss>
