[
    {
        "locale" : "en_US",
        "online" : false,
		"plugin_name" : "lang_en",
        "type" : "",
        "text" : {
            "name_en" : "English (USA)",
            "name_current_lang" : "English (USA)",
            "title" : "Choose Language",
            "initializing" : "Initializing...",
            "run_in_bg" : "Run in background",
            "install_configuration" : "Install language pack, configuration application environment.",
            "failed_re_download" : "Download language pack failed, click here to downloaded again.",
            "new_lang" : "WPS support %1, click here to complete the setup.",
            "follow_sys" : "Follow Windows system language",
            "reboot" : "After changing the language, you need to restart WPS to display.",
            "follow_sys_or_en" : "It will follow Windows system language,and display English if WPS does not support it.",
            "not_downloaded" : "Not downloaded",
            "bg_download" : "Download in background",
            "re_download" : "Download again",
            "download" : "Download ",
            "download_finished" : "%1 has been downloaded",
            "do_it_later" : "Do it Later",
            "set_now" : "Set now",
            "exit_cancel_download" : "Downloading will be canceled after exiting.",
			"cancel_download" : "Cancel download",
			"recommend" : "Recommend",
			"apply" : "Apply",
			"tip_keepconnect" : "Tips: Keep network connecting, will be completed soon",
			"init_fail" : "Initialization not completed",
			"try_later" : "You can also download language in Settings after starting WPS.",
			"start_wps" : "Start WPS",
			"downloading": "Downloading",
			"download_failed": "Download failed",
			"getplugin_failed": "Couldn't download the language pack."
        }
    },
{
        "locale" : "zh_CN",
        "online" : false,
		"plugin_name" : "lang_zh",
        "type" : "",
        "text" : {
            "name_zh" : "中文",
            "name_current_lang" : "中文",
            "title" : "Choose Language",
            "initializing" : "Initializing...",
            "run_in_bg" : "Run in background",
            "install_configuration" : "Install language pack, configuration application environment.",
            "failed_re_download" : "Download language pack failed, click here to downloaded again.",
            "new_lang" : "WPS support %1, click here to complete the setup.",
            "follow_sys" : "Follow Windows system language",
            "reboot" : "After changing the language, you need to restart WPS to display.",
            "follow_sys_or_en" : "It will follow Windows system language,and display English if WPS does not support it.",
            "not_downloaded" : "Not downloaded",
            "bg_download" : "Download in background",
            "re_download" : "Download again",
            "download" : "Download ",
            "download_finished" : "%1 has been downloaded",
            "do_it_later" : "Do it Later",
            "set_now" : "Set now",
            "exit_cancel_download" : "Downloading will be canceled after exiting.",
			"cancel_download" : "Cancel download",
			"recommend" : "Recommend",
			"apply" : "Apply"
        }
    },
    {
        "locale" : "en_GB",
        "online" : false,
        "type" : "",
		"plugin_name" : "lang_en",
        "text" : {
            "name_en" : "English (United Kingdom)",
            "name_current_lang" : "English (United Kingdom)",
            "title" : "Choose Language",
            "initializing" : "Initializing...",
            "run_in_bg" : "Run in background",
            "install_configuration" : "Install language pack, configuration application environment.",
            "failed_re_download" : "Download language pack failed, click here to downloaded again.",
            "new_lang" : "WPS support %1, click here to complete the setup.",
            "follow_sys" : "Follow Windows system language",
            "reboot" : "After changing the language, you need to restart WPS to display.",
            "follow_sys_or_en" : "It will follow Windows system language,and display English if WPS does not support it.",
            "not_downloaded" : "Not downloaded",
            "bg_download" : "Download in background",
            "re_download" : "Download again",
            "download" : "Download ",
            "download_finished" : "%1 has been downloaded",
            "do_it_later" : "Do it Later",
            "set_now" : "Set now",
            "exit_cancel_download" : "Downloading will be canceled after exiting.",
            "cancel_download" : "Cancel download",
			"recommend" : "Recommend",
			"apply" : "Apply",
			"tip_keepconnect" : "Tips: Keep network connecting, will be completed soon",
			"init_fail" : "Initialization not completed",
			"try_later" : "You can also download language in Settings after starting WPS.",
			"start_wps" : "Start WPS",
			"downloading": "Downloading",
			"download_failed": "Download failed",
			"getplugin_failed": "Couldn't download the language pack."
        }
	},
	{
        "locale" : "id_ID",
        "online" : true,
        "type" : "",
		"plugin_name" : "lang_id",
        "text" : {
            "name_en" : "Indonesian",
            "name_current_lang" : "Bahasa Indonesia",
            "title" : "Pilih Bahasa",
            "initializing" : "Menginisialisasi...",
			"run_in_bg" : "Jalankan di latar belakang",
			"install_configuration" : "Instal paket bahasa, lingkungan aplikasi konfigurasi.",
			"failed_re_download" : "Gagal mengunduh paket bahasa, klik di sini untuk mengunduhnya lagi.",
			"new_lang" : "WPS mendukung %1, klik di sini untuk menyelesaikan pengaturan.",
			"follow_sys" : "Ikuti bahasa sistem Windows",
			"reboot" : "Setelah mengubah bahasa, Anda perlu memulai ulang WPS agar ditampilkan.",
			"follow_sys_or_en" : "Ini akan mengikuti bahasa sistem Windows, dan menampilkan bahasa Inggris jika WPS tidak mendukungnya.",
			"not_downloaded" : "Tidak diunduh",
			"bg_download" : "Unduh di latar belakang",
			"re_download" : "Unduh lagi",
			"download" : "Unduh ",
			"download_finished" : "%1 telah diunduh",
			"do_it_later" : "Lakukan Nanti",
			"set_now" : "Atur sekarang",
			"exit_cancel_download" : "Pengunduhan akan dibatalkan setelah keluar.",
			"cancel_download" : "Batalkan unduhan",
			"recommend" : "Rekomendasi",
			"apply" : "Menerapkan",
			"tip_keepconnect" : "Tip: Buat jaringan tetap terhubung, akan selesai segera",
			"init_fail" : "Inisialisasi belum selesai",
			"try_later" : "Anda juga dapat mengunduh bahasa di Pengaturan setelah memulai WPS.",
			"start_wps" : "Luncurkan WPS",
			"downloading": "Mengunduh",
			"download_failed": "Gagal Mengunduh",
			"getplugin_failed": "Tidak dapat mengunduh paket bahasa."
        }
    },
    {
        "locale" : "de_DE",
        "online" : true,
        "type" : "",
		"plugin_name" : "lang_de",
        "text" : {
            "name_en" : "Deutsch (Deutschland)",
            "name_current_lang" : "Deutsch (Deutschland)",
            "title" : "Sprache wählen",
            "initializing" : "Initialisieren...",
			"run_in_bg" : "Im Hintergrund ausführen",
			"install_configuration" : "Sprachpaket installieren, Umgebung der Konfigurationsanwendung.",
			"failed_re_download" : "Fehler beim Herunterladen des Sprachpakets. Hier klicken, um es erneut herunterzuladen.",
			"new_lang" : "WPS-Support %1, hier klicken, um die Einrichtung abzuschließen.",
			"follow_sys" : "Windows-Systemsprache folgen",
			"reboot" : "Nach dem Ändern der Sprache müssen Sie WPS für die Anzeige neu starten.",
			"follow_sys_or_en" : "Das Programm folgt der Windows-Systemsprache, und die Anzeigesprache ist Englisch, wenn WPS die Windows-Systemsprache nicht unterstützt.",
			"not_downloaded" : "Nicht heruntergeladen",
			"bg_download" : "Im Hintergrund herunterladen",
			"re_download" : "Erneut herunterladen",
			"download" : "Herunterladen ",
			"download_finished" : "%1 wurde heruntergeladen",
			"do_it_later" : "Später ausführen",
			"set_now" : "Jetzt festlegen",
			"exit_cancel_download" : "Der Download wird nach dem Verlassen abgebrochen.",
			"cancel_download" : "Download abbrechen",
			"recommend" : "Empfehlen",
			"apply" : "Anwenden",
			"tip_keepconnect" : "Tipp: Netzwerkverbindung aufrechterhalten, Vorgang ist in Kürze abgeschlossen",
			"init_fail" : "Initialisierung nicht abgeschlossen",
			"try_later" : "Sie können die Sprache nach dem Starten von WPS auch unter &quot;Einstellungen&quot; herunterladen.",
			"start_wps" : "WPS starten",
			"downloading": "Download läuft",
			"download_failed": "Fehler beim Herunterladen",
			"getplugin_failed": "Sprachpaket konnte nicht heruntergeladen werden."
        }
    },
    {
        "locale" : "es_ES",
        "online" : true,
        "type" : "",
		"plugin_name" : "lang_es",
        "text" : {
            "name_en" : "Spanish (Spain)",
            "name_current_lang" : "Español (España)",
            "title" : "Seleccionar idioma",
            "initializing" : "Inicializando...",
			"run_in_bg" : "Ejecutar en segundo plano",
			"install_configuration" : "Instale el paquete de idioma en el entorno de la aplicación de configuración.",
			"failed_re_download" : "Error de descarga de paquete de idioma.Haga clic aquí para volver a descargarlo.",
			"new_lang" : "WPS admite %1. Haga clic aquí para finalizar la configuración.",
			"follow_sys" : "Usar idioma del sistema de Windows",
			"reboot" : "Después de cambiar el idioma, deberá reiniciar WPS para que el cambio surta efecto.",
			"follow_sys_or_en" : "Se usará el idioma del sistema de Windows. Si WPS no es compatible con el idioma del sistema, se usará el inglés.",
			"not_downloaded" : "No se ha descargado",
			"bg_download" : "Descargar en segundo plano",
			"re_download" : "Descargar de nuevo",
			"download" : "Descargar ",
			"download_finished" : "Se ha descargado %1",
			"do_it_later" : "Más tarde",
			"set_now" : "Configurar ahora",
			"exit_cancel_download" : "La descarga se cancelará al salir.",
			"cancel_download" : "Cancelar descarga",
			"recommend" : "Recomendar",
			"apply" : "Aplicar",
			"tip_keepconnect" : "Sugerencia: Mantenga la conexión de red; se completará pronto",
			"init_fail" : "Inicialización no completada",
			"try_later" : "También puede descargar el idioma en Configuración después de iniciar WPS.",
			"start_wps" : "Iniciar WPS",
			"downloading": "Descargando",
			"download_failed": "Error al descargar",
			"getplugin_failed": "No se ha podido descargar el paquete de idioma."
        }
    },
    {
        "locale" : "es_MX",
        "online" : true,
        "type" : "",
		"plugin_name" : "lang_es",
        "text" : {
            "name_en" : "Spanish (Mexico)",
            "name_current_lang" : "Español (México)",
            "title" : "Seleccionar idioma",
            "initializing" : "Inicializando...",
			"run_in_bg" : "Ejecutar en segundo plano",
			"install_configuration" : "Instale el paquete de idioma en el entorno de la aplicación de configuración.",
			"failed_re_download" : "Error de descarga de paquete de idioma.Haga clic aquí para volver a descargarlo.",
			"new_lang" : "WPS admite %1. Haga clic aquí para finalizar la configuración.",
			"follow_sys" : "Usar idioma del sistema de Windows",
			"reboot" : "Después de cambiar el idioma, deberá reiniciar WPS para que el cambio surta efecto.",
			"follow_sys_or_en" : "Se usará el idioma del sistema de Windows. Si WPS no es compatible con el idioma del sistema, se usará el inglés.",
			"not_downloaded" : "No se ha descargado",
			"bg_download" : "Descargar en segundo plano",
			"re_download" : "Descargar de nuevo",
			"download" : "Descargar ",
			"download_finished" : "Se ha descargado %1",
			"do_it_later" : "Más tarde",
			"set_now" : "Configurar ahora",
			"exit_cancel_download" : "La descarga se cancelará al salir.",
			"cancel_download" : "Cancelar descarga",
			"recommend" : "Recomendar",
			"apply" : "Aplicar",
			"tip_keepconnect" : "Sugerencia: Mantenga la conexión de red; se completará pronto",
			"init_fail" : "Inicialización no completada",
			"try_later" : "También puede descargar el idioma en Configuración después de iniciar WPS.",
			"start_wps" : "Iniciar WPS",
			"downloading": "Descargando",
			"download_failed": "Error al descargar",
			"getplugin_failed": "No se ha podido descargar el paquete de idioma."
        }
    },
    {
        "locale" : "fr_CA",
        "online" : true,
        "type" : "",
		"plugin_name" : "lang_fr",
        "text" : {
            "name_en" : "French (Canada)",
            "name_current_lang" : "Français (Canada)",
            "title" : "Choisir une langue",
            "initializing" : "Initialisation...",
			"run_in_bg" : "Exécuter en arrière-plan",
			"install_configuration" : "Installation du pack de langues. Configuration de l'environnement d'application.",
			"failed_re_download" : "Échec du téléchargement du pack de langues. Cliquez ici pour le télécharger à nouveau.",
			"new_lang" : "WPS prend en charge %1. Cliquez ici pour terminer la configuration.",
			"follow_sys" : "Utiliser la langue du système Windows",
			"reboot" : "Après avoir modifié la langue, vous devez redémarrer WPS pour appliquer les modifications.",
			"follow_sys_or_en" : "La langue du système Windows sera appliquée, mais l'anglais sera utilisé si WPS ne la prend pas en charge.",
			"not_downloaded" : "Non téléchargé",
			"bg_download" : "Télécharger en arrière-plan",
			"re_download" : "Télécharger à nouveau",
			"download" : "Télécharger ",
			"download_finished" : "%1 a été téléchargé",
			"do_it_later" : "Faire cela plus tard",
			"set_now" : "Définir maintenant",
			"exit_cancel_download" : "Le téléchargement sera annulé lorsque vous quittez le programme.",
			"cancel_download" : "Annuler le téléchargement",
			"recommend" : "Recommander",
			"apply" : "Appliquer",
			"tip_keepconnect" : "Astuces : conservez la connexion au réseau, l&apos;opération va bientôt se terminer",
			"init_fail" : "Initialisation non terminée",
			"try_later" : "Vous pouvez également télécharger la langue dans Paramètres après avoir démarré WPS.",
			"start_wps" : "Lancer WPS",
			"downloading": "Téléchargement",
			"download_failed": "Échec du téléchargement",
			"getplugin_failed": "Impossible de télécharger le module linguistique."
        }
    },
    {
        "locale" : "fr_FR",
        "online" : true,
        "type" : "",
		"plugin_name" : "lang_fr",
        "text" : {
            "name_en" : "French",
            "name_current_lang" : "Français",
            "title" : "Choisir une langue",
            "initializing" : "Initialisation...",
			"run_in_bg" : "Exécuter en arrière-plan",
			"install_configuration" : "Installation du pack de langues. Configuration de l'environnement d'application.",
			"failed_re_download" : "Échec du téléchargement du pack de langues. Cliquez ici pour le télécharger à nouveau.",
			"new_lang" : "WPS prend en charge %1. Cliquez ici pour terminer la configuration.",
			"follow_sys" : "Utiliser la langue du système Windows",
			"reboot" : "Après avoir modifié la langue, vous devez redémarrer WPS pour appliquer les modifications.",
			"follow_sys_or_en" : "La langue du système Windows sera appliquée, mais l'anglais sera utilisé si WPS ne la prend pas en charge.",
			"not_downloaded" : "Non téléchargé",
			"bg_download" : "Télécharger en arrière-plan",
			"re_download" : "Télécharger à nouveau",
			"download" : "Télécharger ",
			"download_finished" : "%1 a été téléchargé",
			"do_it_later" : "Faire cela plus tard",
			"set_now" : "Définir maintenant",
			"exit_cancel_download" : "Le téléchargement sera annulé lorsque vous quittez le programme.",
			"cancel_download" : "Annuler le téléchargement",
			"recommend" : "Recommander",
			"apply" : "Appliquer",
			"tip_keepconnect" : "Astuces : conservez la connexion au réseau, l&apos;opération va bientôt se terminer",
			"init_fail" : "Initialisation non terminée",
			"try_later" : "Vous pouvez également télécharger la langue dans Paramètres après avoir démarré WPS.",
			"start_wps" : "Lancer WPS",
			"downloading": "Téléchargement",
			"download_failed": "Échec du téléchargement",
			"getplugin_failed": "Impossible de télécharger le module linguistique."
        }
    },
    {
        "locale" : "th_TH",
        "online" : false,
		"plugin_name" : "lang_th",
        "type" : "",
        "text" : {
            "name_en" : "Thai",
            "name_current_lang" : "ไทย",
            "title" : "เลือกภาษา",
            "initializing" : "เริ่มต้น...",
            "run_in_bg" : "ทำงานเบื้องหลัง",
            "install_configuration" : "ติดตั้งชุดภาษา การกำหนดค่าสภาพแวดล้อมของแอปพลิเคชัน",
            "failed_re_download" : "การดาวน์โหลดชุดภาษาล้มเหลว คลิกที่นี่เพื่อดาวน์โหลดอีกครั้ง",
            "new_lang" : "WPS รองรับ %1 คลิกที่นี่เพื่อสิ้นสุดการตั้งค่า",
            "follow_sys" : "ตามภาษาของระบบวินโดวส์",
            "reboot" : "หลังจากเปลี่ยนภาษา คุณต้องรีสตาร์ท WPS เพื่อแสดง",
            "follow_sys_or_en" : "จะเป็นไปตามภาษาของระบบวินโดวส์ และแสดงเป็นภาษาอังกฤษหาก WPS ไม่รองรับ",
            "not_downloaded" : "ไม่ได้ดาวน์โหลด",
            "bg_download" : "ดาวน์โหลดที่เบื้องหลัง",
            "re_download" : "ดาวน์โหลดอีกครั้ง",
            "download" : "ดาวน์โหลด",
            "download_finished" : "ดาวน์โหลด %1 แล้ว",
            "do_it_later" : "ไว้ทำภายหลัง",
            "set_now" : "ตั้งค่าตอนนี้",
            "exit_cancel_download" : "การดาวน์โหลดจะถูกยกเลิกหลังจากออก",
			"cancel_download" : "ยกเลิกการดาวน์โหลด",
			"recommend" : "แนะนำ",
			"apply" : "นำไปใช้",
			"tip_keepconnect" : "เคล็ดลับ: รักษาการเชื่อมต่อเครือข่ายต่อไป ใกล้เสร็จสมบูรณ์แล้ว",
			"init_fail" : "การเริ่มต้นยังไม่เสร็จสมบูรณ์",
			"try_later" : "หลังจากเปิดใช้งาน WPS คุณสามารถดาวน์โหลดภาษาทางออนไลน์ได้จากศูนย์รวมการตั้งค่า",
			"start_wps" : "เริ่มใช้งาน WPS",
			"lang_guide_title" : "เราแนะนำให้คุณใช้ภาษาไทย",
			"lang_guide_content" : "เรามีเมนูภาษาไทยให้ใช้งานสำหรับคนไทย และแนะนำให้สลับภาษาของเมนูเป็นภาษาไทยเพื่อประสบการณ์ใช้งานที่ดียิ่งขึ้น",
			"notice" : "แจ้งให้ทราบ",
			"downloading": "กำลังดาวน์โหลด",
			"download_failed": "การดาวน์โหลดล้มเหลว",
			"getplugin_failed": "ไม่สามารถดาวน์โหลดชุดภาษาได้"
        }
    },
    {
        "locale" : "pl_PL",
        "online" : true,
        "type" : "",
		"plugin_name" : "lang_pl",
        "text" : {
            "name_en" : "Polish (Poland)",
            "name_current_lang" : "Polski (Polska)",
            "title" : "Wybieranie języka",
            "initializing" : "Inicjowanie...",
			"run_in_bg" : "Wykonaj w tle",
			"install_configuration" : "Zainstaluj pakiet językowy i skonfiguruj środowisko aplikacji.",
			"failed_re_download" : "Pobieranie pakietu językowego nie powiodło się. Kliknij tutaj, aby pobrać ponownie.",
			"new_lang" : "WPS obsługuje %1, kliknij tutaj, aby dokończyć instalację.",
			"follow_sys" : "Użyj języka systemu Windows",
			"reboot" : "Zmiana języka zostanie zastosowana po ponownym uruchomieniu aplikacji WPS.",
			"follow_sys_or_en" : "Będzie używany język systemu Windows lub język angielski, jeśli aplikacja WPS nie obsługuje języka systemu.",
			"not_downloaded" : "Nie pobrano",
			"bg_download" : "Pobierz w tle",
			"re_download" : "Pobierz ponownie",
			"download" : "Pobierz ",
			"download_finished" : "Pobrano %1",
			"do_it_later" : "Zrób to później",
			"set_now" : "Ustaw teraz",
			"exit_cancel_download" : "Zamknięcie spowoduje anulowanie pobierania.",
			"cancel_download" : "Anuluj pobieranie",
			"recommend" : "Zarekomenduj",
			"apply" : "Zastosować",
			"tip_keepconnect" : "Porady: utrzymuj połączenie sieciowe, wkrótce koniec",
			"init_fail" : "Nie ukończono inicjowania",
			"try_later" : "Możesz także pobrać język w obszarze Ustawienia po uruchomieniu oprogramowania WPS.",
			"start_wps" : "Uruchom WPS",
			"downloading": "Pobieranie",
			"download_failed": "Nie można pobrać",
			"getplugin_failed": "Nie można pobrać pakietu języka."
        }
    },
    {
        "locale" : "pt_BR",
        "online" : true,
        "type" : "",
		"plugin_name" : "lang_pt",
        "text" : {
            "name_en" : "Portuguese (Brazil)",
            "name_current_lang" : "Português (Brasil)",
            "title" : "Escolha o Idioma",
            "initializing" : "A inicializar...",
			"run_in_bg" : "Executar em segundo plano",
			"install_configuration" : "Instale o pacote de idiomas e configure o ambiente da aplicação.",
			"failed_re_download" : "Falha ao transferir o pacote de idiomas. Clique aqui para transferir novamente.",
			"new_lang" : "O WPS suporta %1. Clique aqui para concluir a configuração.",
			"follow_sys" : "Aplicar o idioma do sistema Windows",
			"reboot" : "Depois de alterar o idioma, tem de reiniciar o WPS para ver a interface.",
			"follow_sys_or_en" : "Será aplicado o idioma do sistema Windows. Se este não for suportado pelo WPS, a interface será apresentada em inglês.",
			"not_downloaded" : "A transferência não foi concluída",
			"bg_download" : "Transferir em segundo plano",
			"re_download" : "Voltar a transferir",
			"download" : "Transferir ",
			"download_finished" : "Transferência de %1 concluída",
			"do_it_later" : "Efetuar mais tarde",
			"set_now" : "Definir agora",
			"exit_cancel_download" : "A transferência será cancelada depois de sair.",
			"cancel_download" : "Cancelar transferência",
			"recommend" : "Recomendado",
			"apply" : "Aplicar",
			"tip_keepconnect" : "Sugestões: Continue a efetuar a ligação à rede. A operação terminará em breve",
			"init_fail" : "A inicialização não foi concluída",
			"try_later" : "Também pode transferir o idioma em Definições depois de iniciar o WPS.",
			"start_wps" : "Iniciar o WPS",
			"downloading": "Baixando",
			"download_failed": "Falha na Transferência",
			"getplugin_failed": "Não foi possível transferir o language pack."
        }
    },
    {
        "locale" : "pt_PT",
        "online" : true,
        "type" : "",
		"plugin_name" : "lang_pt",
        "text" : {
            "name_en" : "Portuguese (Portugal)",
            "name_current_lang" : "Português (Portugal)",
            "title" : "Escolher Idioma",
            "initializing" : "A inicializar...",
			"run_in_bg" : "Executar em segundo plano",
			"install_configuration" : "Instale o pacote de idiomas e configure o ambiente da aplicação.",
			"failed_re_download" : "Falha ao transferir o pacote de idiomas. Clique aqui para transferir novamente.",
			"new_lang" : "O WPS suporta %1. Clique aqui para concluir a configuração.",
			"follow_sys" : "Aplicar o idioma do sistema Windows",
			"reboot" : "Depois de alterar o idioma, tem de reiniciar o WPS para ver a interface.",
			"follow_sys_or_en" : "Será aplicado o idioma do sistema Windows. Se este não for suportado pelo WPS, a interface será apresentada em inglês.",
			"not_downloaded" : "A transferência não foi concluída",
			"bg_download" : "Transferir em segundo plano",
			"re_download" : "Voltar a transferir",
			"download" : "Transferir ",
			"download_finished" : "Transferência de %1 concluída",
			"do_it_later" : "Efetuar mais tarde",
			"set_now" : "Definir agora",
			"exit_cancel_download" : "A transferência será cancelada depois de sair.",
			"cancel_download" : "Cancelar transferência",
			"recommend" : "Recomendado",
			"apply" : "Aplicar",
			"tip_keepconnect" : "Sugestões: Continue a efetuar a ligação à rede. A operação terminará em breve",
			"init_fail" : "A inicialização não foi concluída",
			"try_later" : "Também pode transferir o idioma em Definições depois de iniciar o WPS.",
			"start_wps" : "Iniciar o WPS",
			"downloading": "A transferir",
			"download_failed": "Falha na Transferência",
			"getplugin_failed": "Não foi possível transferir o language pack."
        }
    },
    {
        "locale" : "ru_RU",
        "online" : true,
        "type" : "",
		"plugin_name" : "lang_ru",
        "text" : {
            "name_en" : "Russian (Russian Federation)",
            "name_current_lang" : "Русский (Российская Федерация)",
            "title" : "Выбрать язык",
            "initializing" : "Инициализация...",
			"run_in_bg" : "Выполнять в фоновом режиме",
			"install_configuration" : "Установить языковой пакет, среда приложения конфигурации.",
			"failed_re_download" : "Не удалось загрузить языковой пакет, нажмите тут, чтобы загрузить его еще раз.",
			"new_lang" : "Поддержка WPS %1, нажмите тут, чтобы завершить установку.",
			"follow_sys" : "Оставить язык ОС Windows",
			"reboot" : "После изменения языка необходимо перезагрузить WPS для его отображения.",
			"follow_sys_or_en" : "Программа оставит язык ОС Windows и будет отображаться на английском языке, если WPS не поддерживает его.",
			"not_downloaded" : "Не загружено",
			"bg_download" : "Загрузить в фоновом режиме",
			"re_download" : "Повторная загрузка",
			"download" : "Загрузить ",
			"download_finished" : "Выполнена загрузка %1",
			"do_it_later" : "Выполнить позже",
			"set_now" : "Настроить сейчас",
			"exit_cancel_download" : "Загрузка будет отменена после выхода.",
			"cancel_download" : "Отменить загрузку",
			"recommend" : "Рекомендовать",
			"apply" : "Применять",
			"tip_keepconnect" : "Советы. Не прерывайте подключение к сети, процедура скоро будет завершена.",
			"init_fail" : "Инициализация не завершена",
			"try_later" : "Языковой пакет можно также загрузить в разделе параметров после запуска WPS.",
			"start_wps" : "Запустить WPS",
			"downloading": "Загрузка",
			"download_failed": "Сбой загрузки",
			"getplugin_failed": "Не удалось загрузить языковой пакет."
        }
    },
	{
        "locale" : "ja_JP",
        "online" : false,
		"visibleControlByOem" : false,
        "type" : "",
		"plugin_name" : "lang_ja",
        "text" : {
            "name_en" : "Japanese",
            "name_current_lang" : "日本語",
            "title" : "言語の選択",
            "initializing" : "初期化しています...",
			"run_in_bg" : "バックグランドで実行",
			"install_configuration" : "言語パック、構成アプリケーション環境をインストールします。",
			"failed_re_download" : "言語パックのダウンロードに失敗しました。ここをクリックして、ダウンロードをやり直してください。",
			"new_lang" : "WPSにより%1がサポートされています。ここをクリックしてセットアップを完了してください。",
			"follow_sys" : "Windowsのシステム言語に従う",
			"reboot" : "言語を変更した後、WPSを再起動して表示する必要があります。",
			"follow_sys_or_en" : "Windowsのシステム言語に従い、WPSによりサポートされていない場合は日本語を表示します。",
			"not_downloaded" : "ダウンロードされていません",
			"bg_download" : "バックグランドでダウンロード",
			"re_download" : "もう一度ダウンロード",
			"download" : "ダウンロード ",
			"download_finished" : "%1がダウンロードされました",
			"do_it_later" : "後で行う",
			"set_now" : "今すぐ設定",
			"exit_cancel_download" : "終了後ダウンロードはキャンセルされます。",
			"cancel_download" : "ダウンロードのキャンセル",
			"recommend" : "おすすめ",
			"apply" : "適用",
			"tip_keepconnect" : "Tips: Keep network connecting, will be completed soon",
			"init_fail" : "Initialization not completed",
			"try_later" : "You can also download language in Settings after starting WPS.",
			"start_wps" : "WPSを始める",
			"lang_guide_title" : "日本語の使用をおすすめします",
			"lang_guide_content" : "日本人ユーザー向けの日本語インターフェースを提供しており、より良い体験のために日本語に切り替えることをおすすめします。",
			"notice" : "通知",
			"downloading": "ダウンロード中",
			"download_failed": "ダウンロードできませんでした",
			"getplugin_failed": "言語パックをダウンロードできませんでした。"
		}
    }
]