---
layout: feed
---
<?xml version="1.0" encoding="utf-8"?>
<feed xmlns="http://www.w3.org/2005/Atom">

	<title>UC Style Anyway.FM</title>
	<link href="http://anywayfm.com/atom.xml" rel="self"/>
	<link href="http://anywayfm.com"/>
	<updated>{{ site.time | date_to_xmlschema }}</updated>
	<id>http://anywayfm.com</id>
	<author>
		<name>Anyway.FM</name>
		<email>hello@Anyway.FM</email>
	</author>

	{% for post in site.posts %}
		<entry>
			<title>{{ post.title }}</title>
			<link href="http://anywayfm.com{{ post.url }}"/>
			<updated>{{ post.date | date_to_xmlschema }}</updated>
			<id>http://anywayfm.com{{ post.id }}</id>
			<content type="html">{{ post.content | xml_escape }}</content>
		</entry>
	{% endfor %}

</feed>
