---
---
<?xml version="1.0" encoding="UTF-8"?>
<rss version="2.0" xmlns:atom="http://www.w3.org/2005/Atom" xmlns:dc="http://purl.org/dc/elements/1.1/" xmlns:sy="http://purl.org/rss/1.0/modules/syndication/" xmlns:itunes="http://www.itunes.com/dtds/podcast-1.0.dtd">
	<channel>
		<title>Whatever.FM 随便侬</title>
		<description>Whatever.FM 是一档无拘束、无特定主题、无固定更新周期的三无播客。</description>
		<sy:updatePeriod>{{ site.feed_update_period | default: "daily" | xml_escape }}</sy:updatePeriod>
		<sy:updateFrequency>{{ site.feed_update_frequency | default: 1 | xml_escape }}</sy:updateFrequency>
		<link>http://Whatever.FM</link>
		<atom:link href="http://Whatever.FM/{{ page.path }}" rel="self" type="application/rss+xml" />
		<language>zh-CN</language>
		<itunes:category text="Society &amp; Culture">
			<itunes:category text="Personal Journals" />
		</itunes:category>
		<itunes:category text="Arts" />
	  <itunes:image href="http://s.anw.red/whatever.fm/cover.png"/>
	  <itunes:keywords>设计,生活,艺术,闲谈,JJ Ying,Leon Gao,whatever,anyway</itunes:keywords>
	  <itunes:explicit>no</itunes:explicit>
	  <itunes:author>JJ Ying &amp; Leon Gao</itunes:author>
	  <itunes:owner>
	    <itunes:name>JJ Ying &amp; Leon Gao</itunes:name>
	    <itunes:email>hello@anyway.fm</itunes:email>
	  </itunes:owner>
		<lastBuildDate>{% for post in site.posts limit:1 %}{{ post.date | date_to_rfc822 }}{% endfor %}</lastBuildDate>
		{% assign feed_items = site.feed_items | default: 10 %}
		{% for post in site.posts limit:feed_items %}
			<item>
				<title>{{post.ep}}: {{ post.title | xml_escape }}</title>
				{% if post.excerpt %}
				<description><![CDATA[
					{{ post.excerpt  }}
					]]>
				</description>
				{% else %}
				<description><![CDATA[
					{{ post.content }}
					]]>
				</description>
				{% endif %}
				<pubDate>{{ post.date | date_to_rfc822 }}</pubDate>
				<link>{{ site.url }}{{ post.url }}</link>
				<guid isPermaLink="true">{{ site.url }}{{ post.url }}</guid>
				<author>{{ post.hosts | xml_escape }}</author>
				<itunes:image href="https://s.anw.red/whatever.fm/cover/{{post.ep}}.jpg"/>
				<enclosure type="audio/mpeg" url="https://w.anw.red/{{post.ep}}.mp3"/>
				<itunes:duration>{{post.duration}}</itunes:duration>
				<itunes:explicit>{{post.explicit | default: "no"}}</itunes:explicit>
			</item>
		{% endfor %}
	</channel>
</rss>
